driverId,permanentNumber,givenName,familyName,dateOfBirth,nationality
abate,0,Carlo,Abate,1932-07-10,Italian
abecassis,0,George,Abecassis,1913-03-21,British
acheson,0,Kenny,Acheson,1957-11-27,British
adams,0,Philippe,Adams,1969-11-19,Belgian
ader,0,Walt,Ader,1913-12-15,American
adolff,0,Kurt,Adolff,1921-11-05,German
agabashian,0,Fred,Agabashian,1913-08-21,American
ahrens,0,Kurt,Ahrens,1940-04-19,German
aitken,89,Jack,Aitken,1995-09-23,British
albers,0,Christijan,Albers,1979-04-16,Dutch
albon,23,Alexander,Albon,1996-03-23,Thai
alboreto,0,Michele,Alboreto,1956-12-23,Italian
alesi,0,Jean,Alesi,1964-06-11,French
alguersuari,0,Jaime,Alguersuari,1990-03-23,Spanish
alliot,0,Philippe,Alliot,1954-07-27,French
allison,0,Cliff,Allison,1932-02-08,British
alonso,14,Fernando,Alonso,1981-07-29,Spanish
amati,0,Giovanna,Amati,1959-07-20,Italian
amick,0,Red,Amick,1929-01-19,American
george_amick,0,George,Amick,1924-10-24,American
amon,0,Chris,Amon,1943-07-20,New Zealander
anderson,0,Bob,Anderson,1931-05-19,British
andersson,0,Conny,Andersson,1939-12-28,Swedish
andretti,0,Michael,Andretti,1962-10-05,American
mario_andretti,0,Mario,Andretti,1940-02-28,American
andrews,0,Keith,Andrews,1920-06-15,American
apicella,0,Marco,Apicella,1965-10-07,Italian
armi,0,Frank,Armi,1918-10-12,American
arnold,0,Chuck,Arnold,1926-05-30,American
arnoux,0,René,Arnoux,1948-07-04,French
arundell,0,Peter,Arundell,1933-11-08,British
ascari,0,Alberto,Ascari,1918-07-13,Italian
ashdown,0,Peter,Ashdown,1934-10-16,British
ashley,0,Ian,Ashley,1947-10-26,British
ashmore,0,Gerry,Ashmore,1936-07-25,British
aston,0,Bill,Aston,1900-03-29,British
attwood,0,Richard,Attwood,1940-04-04,British
ayulo,0,Manny,Ayulo,1921-10-20,American
badoer,0,Luca,Badoer,1971-01-25,Italian
baghetti,0,Giancarlo,Baghetti,1934-12-25,Italian
bailey,0,Julian,Bailey,1961-10-09,British
baldi,0,Mauro,Baldi,1954-01-31,Italian
ball,0,Bobby,Ball,1925-08-26,American
balsa,0,Marcel,Balsa,1909-01-01,French
bandini,0,Lorenzo,Bandini,1935-12-21,Italian
banks,0,Henry,Banks,1913-06-14,American
barbazza,0,Fabrizio,Barbazza,1963-04-02,Italian
barber,0,Skip,Barber,1936-11-16,American
john_barber,0,John,Barber,1929-07-22,British
barilla,0,Paolo,Barilla,1961-04-20,Italian
barrichello,0,Rubens,Barrichello,1972-05-23,Brazilian
bartels,0,Michael,Bartels,1968-03-08,German
barth,0,Edgar,Barth,1917-01-26,German
bassi,0,Giorgio,Bassi,1934-01-20,Italian
bauer,0,Erwin,Bauer,1912-07-17,German
baumgartner,0,Zsolt,Baumgartner,1981-01-01,Hungarian
bayol,0,Élie,Bayol,1914-02-28,French
beauman,0,Don,Beauman,1928-07-26,British
bechem,0,Günther,Bechem,1921-12-21,German
behra,0,Jean,Behra,1921-02-16,French
bell,0,Derek,Bell,1941-10-31,British
bellof,0,Stefan,Bellof,1957-11-20,German
belmondo,0,Paul,Belmondo,1963-04-23,French
belso,0,Tom,Belsø,1942-08-27,Danish
beltoise,0,Jean-Pierre,Beltoise,1937-04-26,French
beretta,0,Olivier,Beretta,1969-11-23,Monegasque
berg,0,Allen,Berg,1961-08-01,Canadian
berger,0,Gerhard,Berger,1959-08-27,Austrian
georges_berger,0,Georges,Berger,1918-09-14,Belgian
bernard,0,Éric,Bernard,1964-08-24,French
bernoldi,0,Enrique,Bernoldi,1978-10-19,Brazilian
bertaggia,0,Enrico,Bertaggia,1964-09-19,Italian
bettenhausen,0,Tony,Bettenhausen,1916-09-12,American
beuttler,0,Mike,Beuttler,1940-04-13,British
bianchi,0,Lucien,Bianchi,1934-11-10,Belgian
jules_bianchi,17,Jules,Bianchi,1989-08-03,French
bianco,0,Gino,Bianco,1916-07-22,Brazilian
binder,0,Hans,Binder,1948-06-12,Austrian
biondetti,0,Clemente,Biondetti,1898-08-18,Italian
bira,0,Prince,Bira,1914-07-15,Thai
birger,0,Pablo,Birger,1924-01-07,Argentine
bisch,0,Art,Bisch,1926-11-10,American
blanchard,0,Harry,Blanchard,1929-06-13,American
bleekemolen,0,Michael,Bleekemolen,1949-10-02,Dutch
blignaut,0,Alex,Blignaut,1932-11-30,South African
blokdyk,0,Trevor,Blokdyk,1935-11-30,South African
blundell,0,Mark,Blundell,1966-04-08,British
boesel,0,Raul,Boesel,1957-12-04,Brazilian
boffa,0,Menato,Boffa,1930-01-04,Italian
bondurant,0,Bob,Bondurant,1933-04-27,American
bonetto,0,Felice,Bonetto,1903-06-09,Italian
bonnier,0,Jo,Bonnier,1930-01-31,Swedish
bonomi,0,Roberto,Bonomi,1919-09-30,Argentine
bordeu,0,Juan Manuel,Bordeu,1934-01-28,Argentine
borgudd,0,Slim,Borgudd,1946-11-25,Swedish
botha,0,Luki,Botha,1930-01-16,South African
bottas,77,Valtteri,Bottas,1989-08-28,Finnish
boullion,0,Jean-Christophe,Boullion,1969-12-27,French
bourdais,0,Sébastien,Bourdais,1979-02-28,French
boutsen,0,Thierry,Boutsen,1957-07-13,Belgian
boyd,0,Johnny,Boyd,1926-08-19,American
brabham,0,David,Brabham,1965-09-05,Australian
gary_brabham,0,Gary,Brabham,1961-03-29,Australian
jack_brabham,0,Jack,Brabham,1926-04-02,Australian
brack,0,Bill,Brack,1935-12-26,Canadian
brambilla,0,Vittorio,Brambilla,1937-11-11,Italian
ernesto_brambilla,0,Ernesto,Brambilla,1934-01-31,Italian
branca,0,Toni,Branca,1916-09-15,Swiss
brancatelli,0,Gianfranco,Brancatelli,1950-01-18,Italian
brandon,0,Eric,Brandon,1920-07-18,British
branson,0,Don,Branson,1920-06-02,American
bridger,0,Tom,Bridger,1934-06-24,British
brise,0,Tony,Brise,1952-03-28,British
bristow,0,Chris,Bristow,1937-12-02,British
broeker,0,Peter,Broeker,1926-05-15,Canadian
brooks,0,Tony,Brooks,1932-02-25,British
brown,0,Warwick,Brown,1949-12-24,Australian
alan_brown,0,Alan,Brown,1919-11-20,British
walt_brown,0,Walt,Brown,1911-12-30,American
brudes,0,Adolf,Brudes,1899-10-15,German
brundle,0,Martin,Brundle,1959-06-01,British
bruni,0,Gianmaria,Bruni,1981-05-30,Italian
bryan,0,Jimmy,Bryan,1926-01-28,American
bucci,0,Clemar,Bucci,1920-09-04,Argentine
bucknum,0,Ronnie,Bucknum,1936-04-05,American
bueb,0,Ivor,Bueb,1923-06-06,British
buemi,0,Sébastien,Buemi,1988-10-31,Swiss
bueno,0,Luiz,Bueno,1937-01-16,Brazilian
burgess,0,Ian,Burgess,1930-07-06,British
burti,0,Luciano,Burti,1975-03-05,Brazilian
bussinello,0,Roberto,Bussinello,1927-10-04,Italian
button,22,Jenson,Button,1980-01-19,British
byrne,0,Tommy,Byrne,1958-05-06,Irish
cabantous,0,Yves,Cabantous,1904-10-08,French
cabianca,0,Giulio,Cabianca,1923-02-19,Italian
cabral,0,Mário de Araújo,Cabral,1934-01-15,Portuguese
cade,0,Phil,Cade,1916-06-12,American
caffi,0,Alex,Caffi,1964-03-18,Italian
campbell-jones,0,John,Campbell-Jones,1930-01-21,British
campos,0,Adrián,Campos,1960-06-17,Spanish
cannoc,0,John,Cannon,1933-06-21,Canadian
cantoni,0,Eitel,Cantoni,1906-10-04,Uruguayan
cantrell,0,Bill,Cantrell,1908-01-31,American
capelli,0,Ivan,Capelli,1963-05-24,Italian
carini,0,Piero,Carini,1921-03-06,Italian
darter,0,Duane,Carter,1913-05-05,American
castellotti,0,Eugenio,Castellotti,1930-10-10,Italian
cecotto,0,Johnny,Cecotto,1956-01-25,Venezuelan
cevert,0,François,Cevert,1944-02-25,French
chaboud,0,Eugène,Chaboud,1907-04-12,French
chamberlain,0,Jay,Chamberlain,1925-12-29,American
chandhok,0,Karun,Chandhok,1984-01-19,Indian
chapman,0,Colin,Chapman,1928-05-19,British
charlton,0,Dave,Charlton,1936-10-27,South African
chaves,0,Pedro,Chaves,1965-02-27,Portuguese
cheesbourg,0,Bill,Cheesbourg,1927-06-12,American
cheever,0,Eddie,Cheever,1958-01-10,American
chiesa,0,Andrea,Chiesa,1964-05-06,Swiss
chilton,4,Max,Chilton,1991-04-21,British
chimeri,0,Ettore,Chimeri,1921-06-04,Venezuelan
chiron,0,Louis,Chiron,1899-08-03,Monegasque
chitwood,0,Joie,Chitwood,1912-04-14,American
christie,0,Bob,Christie,1924-04-04,American
claes,0,Johnny,Claes,1916-08-11,Belgian
clapham,0,David,Clapham,1931-05-18,South African
clark,0,Jim,Clark,1936-03-04,British
cogan,0,Kevin,Cogan,1956-03-31,American
collins,0,Peter,Collins,1931-11-06,British
collomb,0,Bernard,Collomb,1930-10-07,French
colombo,0,Alberto,Colombo,1946-02-23,Italian
comas,0,Érik,Comas,1963-09-28,French
comotti,0,Franco,Comotti,1906-07-24,Italian
george_connor,0,George,Connor,1906-08-16,American
constantine,0,George,Constantine,1918-02-22,American
cordts,0,John,Cordts,1935-07-23,Canadian
coulthard,0,David,Coulthard,1971-03-27,British
courage,0,Piers,Courage,1942-05-27,British
craft,0,Chris,Craft,1939-11-17,British
crawford,0,Jim,Crawford,1948-02-13,British
ray_crawford,0,Ray,Crawford,1915-10-26,American
crespo,0,Alberto,Crespo,1920-01-16,Argentine
creus,0,Antonio,Creus,1924-10-28,Spanish
crockett,0,Larry,Crockett,1926-10-23,American
crook,0,Tony,Crook,1920-02-16,British
cross,0,Art,Cross,1918-01-24,American
crossley,0,Geoff,Crossley,1921-05-11,British
cruz,0,Adolfo,Cruz,1923-06-28,Argentine
ambrosio,0,Jérôme,d'Ambrosio,1985-12-27,Belgian
orey,0,Fritz,d'Orey,1938-03-25,Brazilian
matta,0,Cristiano,da Matta,1973-09-19,Brazilian
ramos,0,Hernando,da Silva Ramos,1925-12-07,Brazilian
daigh,0,Chuck,Daigh,1923-11-29,American
dalmas,0,Yannick,Dalmas,1961-07-28,French
daly,0,Derek,Daly,1953-03-11,Irish
danner,0,Christian,Danner,1958-04-04,German
daponte,0,Jorge,Daponte,1923-06-05,Argentine
davidson,0,Anthony,Davidson,1979-04-18,British
davies,0,Jimmy,Davies,1929-08-08,American
davis,0,Colin,Davis,1933-07-29,British
daywalt,0,Jimmy,Daywalt,1924-08-28,American
adamich,0,Andrea,de Adamich,1941-10-03,Italian
angelis,0,Elio,de Angelis,1958-03-26,Italian
beaufort,0,Carel Godin,de Beaufort,1934-04-10,Dutch
cesaris,0,Andrea,de Cesaris,1959-05-31,Italian
changy,0,Alain,de Changy,1922-02-05,Belgian
dryver,0,Bernard,de Dryver,1952-09-19,Belgian
filippis,0,Maria,de Filippis,1926-11-11,Italian
graffenried,0,Toulo,de Graffenried,1914-05-18,Swiss
klerk,0,Peter,de Klerk,1935-03-16,South African
rosa,0,Pedro,de la Rosa,1971-02-24,Spanish
portago,0,Alfonso,de Portago,1928-10-11,Spanish
riu,0,Giovanni,de Riu,1925-03-10,Italian
terra,0,Max,de Terra,1918-10-06,Swiss
tomaso,0,Alessandro,de Tomaso,1928-07-10,Argentine-Italian
tornaco,0,Charles,de Tornaco,1927-06-07,Belgian
villota,0,Emilio,de Villota,1946-07-26,Spanish
vos,0,Ernie,de Vos,1941-07-01,Dutch
deletraz,0,Jean-Denis,Délétraz,1963-10-01,Swiss
depailler,0,Patrick,Depailler,1944-08-09,French
grassi,0,Lucas,di Grassi,1984-08-11,Brazilian
resta,0,Paul,di Resta,1986-04-16,British
diniz,0,Pedro,Diniz,1970-05-22,Brazilian
dinsmore,0,Duke,Dinsmore,1913-04-10,American
dochnal,0,Frank,Dochnal,1920-10-08,American
dolhem,0,José,Dolhem,1944-04-26,French
donnelly,0,Martin,Donnelly,1964-03-26,British
donohue,0,Mark,Donohue,1937-03-18,American
doornbos,0,Robert,Doornbos,1981-09-23,Dutch
downing,0,Ken,Downing,1917-12-05,British
drake,0,Bob,Drake,1919-12-14,American
driver,0,Paddy,Driver,1934-05-13,South African
drogo,0,Piero,Drogo,1926-08-08,Italian
duke,0,Geoff,Duke,1923-03-29,British
dumfries,0,Johnny,Dumfries,1958-04-26,British
duncan,0,Len,Duncan,1911-07-25,American
dusio,0,Piero,Dusio,1899-10-13,Italian
eaton,0,George,Eaton,1945-11-12,Canadian
ecclestone,0,Bernie,Ecclestone,1930-10-28,British
edmunds,0,Don,Edmunds,1930-09-23,American
edwards,0,Guy,Edwards,1942-12-30,British
elford,0,Vic,Elford,1935-06-10,British
elisian,0,Ed,Elisian,1926-12-09,American
emery,0,Paul,Emery,1916-11-12,British
enge,0,Tomáš,Enge,1976-09-11,Czech
england,0,Paul,England,1929-03-28,Australian
ericsson,9,Marcus,Ericsson,1990-09-02,Swedish
ertl,0,Harald,Ertl,1948-08-31,Austrian
estefano,0,Nasif,Estéfano,1932-11-18,Argentine
etancelin,0,Philippe,Étancelin,1896-12-28,French
evans,0,Bob,Evans,1947-06-11,British
fabi,0,Teo,Fabi,1955-03-09,Italian
corrado_fabi,0,Corrado,Fabi,1961-04-12,Italian
fabre,0,Pascal,Fabre,1960-01-09,French
facetti,0,Carlo,Facetti,1935-06-26,Italian
fagioli,0,Luigi,Fagioli,1898-06-09,Italian
fairman,0,Jack,Fairman,1913-03-15,British
fangio,0,Juan,Fangio,1911-06-24,Argentine
farina,0,Nino,Farina,1906-10-30,Italian
faulkner,0,Walt,Faulkner,1920-02-16,American
firman,0,Ralph,Firman,1975-05-20,Irish
fischer,0,Rudi,Fischer,1912-04-19,Swiss
fisher,0,Mike,Fisher,1943-03-13,American
fisichella,0,Giancarlo,Fisichella,1973-01-14,Italian
fitch,0,John,Fitch,1917-08-04,American
fittipaldi,0,Christian,Fittipaldi,1971-01-18,Brazilian
emerson_fittipaldi,0,Emerson,Fittipaldi,1946-12-12,Brazilian
wilson_fittipaldi,0,Wilson,Fittipaldi,1943-12-25,Brazilian
pietro_fittipaldi,51,Pietro,Fittipaldi,1996-06-25,Brazilian
fitzau,0,Theo,Fitzau,1923-02-10,East German
flaherty,0,Pat,Flaherty,1926-01-06,American
flinterman,0,Jan,Flinterman,1919-10-02,Dutch
flockhart,0,Ron,Flockhart,1923-06-16,British
fohr,0,Myron,Fohr,1912-06-17,American
foitek,0,Gregor,Foitek,1965-03-27,Swiss
follmer,0,George,Follmer,1934-01-27,American
fonder,0,George,Fonder,1917-06-22,American
fontana,0,Norberto,Fontana,1975-01-20,Argentine
fontes,0,Azdrubal,Fontes,1922-12-26,Uruguayan
forberg,0,Carl,Forberg,1911-03-04,American
force,0,Gene,Force,1916-06-15,American
forini,0,Franco,Forini,1958-09-22,Swiss
parker,0,Philip,Fotheringham-Parker,1907-09-22,British
foyt,0,Anthony,Foyt,1935-01-16,American
gimax,0,Carlo,Franchi,1938-01-01,Italian
francia,0,Giorgio,Francia,1947-11-08,Italian
freeland,0,Don,Freeland,1925-03-25,American
frentzen,0,Heinz-Harald,Frentzen,1967-05-18,German
frere,0,Paul,Frère,1917-01-30,Belgian
friesacher,0,Patrick,Friesacher,1980-09-26,Austrian
fry,0,Joe,Fry,1915-10-26,British
fushida,0,Hiroshi,Fushida,1946-03-10,Japanese
gabbiani,0,Beppe,Gabbiani,1957-01-02,Italian
gachot,0,Bertrand,Gachot,1962-12-23,Belgian
gaillard,0,Patrick,Gaillard,1952-02-12,French
galica,0,Divina,Galica,1944-08-13,British
galli,0,Nanni,Galli,1940-10-02,Italian
galvez,0,Oscar,Gálvez,1913-08-17,Argentine
gamble,0,Fred,Gamble,1932-03-17,American
ganley,0,Howden,Ganley,1941-12-24,New Zealander
gardner,0,Frank,Gardner,1930-10-01,Australian
garrett,0,Billy,Garrett,1933-04-24,American
gartner,0,Jo,Gartner,1954-01-24,Austrian
gasly,10,Pierre,Gasly,1996-02-07,French
gaze,0,Tony,Gaze,1920-02-03,Australian
gendebien,0,Olivier,Gendebien,1924-01-12,Belgian
gene,0,Marc,Gené,1974-03-29,Spanish
george,0,Elmer,George,1928-07-15,American
gerard,0,Bob,Gerard,1914-01-19,British
gerini,0,Gerino,Gerini,1928-08-10,Italian
gethin,0,Peter,Gethin,1940-02-21,British
ghinzani,0,Piercarlo,Ghinzani,1952-01-16,Italian
giacomelli,0,Bruno,Giacomelli,1952-09-10,Italian
gibson,0,Dick,Gibson,1918-04-16,British
ginther,0,Richie,Ginther,1930-08-05,American
giovinazzi,99,Antonio,Giovinazzi,1993-12-14,Italian
giunti,0,Ignazio,Giunti,1941-08-30,Italian
glock,0,Timo,Glock,1982-03-18,German
godia,0,Paco,Godia,1921-03-21,Spanish
goethals,0,Christian,Goethals,1928-08-04,Belgian
goldsmith,0,Paul,Goldsmith,1925-10-02,American
gonzalez,0,José Froilán,González,1922-10-05,Argentine
oscar_gonzalez,0,Óscar,González,1923-11-10,Uruguayan
gordini,0,Aldo,Gordini,1921-05-20,French
gould,0,Horace,Gould,1918-09-20,British
gounon,0,Jean-Marc,Gounon,1963-01-01,French
green,0,Cecil,Green,1919-09-30,American
greene,0,Keith,Greene,1938-01-05,British
gregory,0,Masten,Gregory,1932-02-29,American
griffith,0,Cliff,Griffith,1916-02-06,American
grignard,0,Georges,Grignard,1905-07-25,French
grim,0,Bobby,Grim,1924-09-04,American
grosjean,8,Romain,Grosjean,1986-04-17,French
grouillard,0,Olivier,Grouillard,1958-09-02,French
gubby,0,Brian,Gubby,1934-04-17,British
guelfi,0,André,Guelfi,1919-05-06,French
guerra,0,Miguel Ángel,Guerra,1953-08-31,Argentine
guerrero,0,Roberto,Guerrero,1958-11-16,Colombian
gugelmin,0,Maurício,Gugelmin,1963-04-20,Brazilian
gurney,0,Dan,Gurney,1931-04-13,American
gutierrez,21,Esteban,Gutiérrez,1991-08-05,Mexican
hahne,0,Hubert,Hahne,1935-03-28,German
hailwood,0,Mike,Hailwood,1940-04-02,British
hakkinen,0,Mika,Häkkinen,1968-09-28,Finnish
halford,0,Bruce,Halford,1931-05-18,British
hall,0,Jim,Hall,1935-07-23,American
hamilton,44,Lewis,Hamilton,1985-01-07,British
duncan_hamilton,0,Duncan,Hamilton,1920-04-30,British
hampshire,0,David,Hampshire,1917-12-29,British
hanks,0,Sam,Hanks,1914-07-13,American
hansgen,0,Walt,Hansgen,1919-10-28,American
harris,0,Mike,Harris,1939-05-25,South African
harrison,0,Cuth,Harrison,1906-07-06,British
hart,0,Brian,Hart,1936-09-07,British
hartley,0,Gene,Hartley,1926-01-28,American
brendon_hartley,28,Brendon,Hartley,1989-11-10,New Zealander
haryanto,88,Rio,Haryanto,1993-01-22,Indonesian
hasemi,0,Masahiro,Hasemi,1945-11-13,Japanese
hattori,0,Naoki,Hattori,1966-06-13,Japanese
hawkins,0,Paul,Hawkins,1937-10-12,Australian
hawthorn,0,Mike,Hawthorn,1929-04-10,British
heeks,0,Willi,Heeks,1922-02-13,German
heidfeld,0,Nick,Heidfeld,1977-05-10,German
helfrich,0,Theo,Helfrich,1913-05-13,German
hellings,0,Mack,Hellings,1915-09-14,American
henton,0,Brian,Henton,1946-09-19,British
herbert,0,Johnny,Herbert,1964-06-25,British
herman,0,Al,Herman,1927-03-15,American
herrmann,0,Hans,Herrmann,1928-02-23,German
hesnault,0,François,Hesnault,1956-12-30,French
heyer,0,Hans,Heyer,1943-03-16,German
damon_hill,0,Damon,Hill,1960-09-17,British
hill,0,Graham,Hill,1929-02-15,British
phil_hill,0,Phil,Hill,1927-04-20,American
hirt,0,Peter,Hirt,1910-03-30,Swiss
hobbs,0,David,Hobbs,1939-06-09,British
hocking,0,Gary,Hocking,1937-09-30,Rhodesian
hoffmann,0,Ingo,Hoffmann,1953-02-28,Brazilian
holland,0,Bill,Holland,1907-12-18,American
holmes,0,Jackie,Holmes,1920-09-04,American
homeier,0,Bill,Homeier,1918-08-31,American
hoshino,0,Kazuyoshi,Hoshino,1947-07-01,Japanese
hoyt,0,Jerry,Hoyt,1929-01-29,American
hulkenberg,27,Nico,Hülkenberg,1987-08-19,German
hulme,0,Denny,Hulme,1936-06-18,New Zealander
hunt,0,James,Hunt,1947-08-29,British
hurtubise,0,Jim,Hurtubise,1932-12-05,American
hutchison,0,Gus,Hutchison,1937-04-26,American
ickx,0,Jacky,Ickx,1945-01-01,Belgian
ide,0,Yuji,Ide,1975-01-21,Japanese
iglesias,0,Jesús,Iglesias,1922-02-22,Argentine
inoue,0,Taki,Inoue,1963-09-05,Japanese
ireland,0,Innes,Ireland,1930-06-12,British
irvine,0,Eddie,Irvine,1965-11-10,British
irwin,0,Chris,Irwin,1942-06-27,British
jabouille,0,Jean-Pierre,Jabouille,1942-10-01,French
jackson,0,Jimmy,Jackson,1910-07-25,American
james,0,Joe,James,1925-05-23,American
john_james,0,John,James,1914-05-10,British
jarier,0,Jean-Pierre,Jarier,1946-07-10,French
lehto,0,Jyrki,Järvilehto,1966-01-31,Finnish
jean,0,Max,Jean,1943-07-27,French
johansson,0,Stefan,Johansson,1956-09-08,Swedish
johnson,0,Eddie,Johnson,1919-02-10,American
leslie_johnson,0,Leslie,Johnson,1912-03-22,British
johnstone,0,Bruce,Johnstone,1937-01-30,South African
jones,0,Alan,Jones,1946-11-02,Australian
tom_jones,0,Tom,Jones,1943-04-26,American
jover,0,Juan,Jover,1903-11-23,Spanish
karch,0,Oswald,Karch,1917-03-06,German
karthikeyan,0,Narain,Karthikeyan,1977-01-14,Indian
katayama,0,Ukyo,Katayama,1963-05-29,Japanese
kavanagh,0,Ken,Kavanagh,1923-12-12,Australian
keegan,0,Rupert,Keegan,1955-02-26,British
keizan,0,Eddie,Keizan,1944-09-12,South African
keller,0,Al,Keller,1920-04-11,American
kelly,0,Joe,Kelly,1913-03-13,Irish
kennedy,0,Dave,Kennedy,1953-01-15,Irish
kessel,0,Loris,Kessel,1950-04-01,Swiss
kessler,0,Bruce,Kessler,1936-03-23,American
kiesa,0,Nicolas,Kiesa,1978-03-03,Danish
kinnunen,0,Leo,Kinnunen,1943-08-05,Finnish
kladis,0,Danny,Kladis,1917-02-10,American
klenk,0,Hans,Klenk,1919-10-28,German
klien,0,Christian,Klien,1983-02-07,Austrian
kling,0,Karl,Kling,1910-09-16,German
klodwig,0,Ernst,Klodwig,1903-05-23,East German
kobayashi,10,Kamui,Kobayashi,1986-09-13,Japanese
koinigg,0,Helmuth,Koinigg,1948-11-03,Austrian
kovalainen,0,Heikki,Kovalainen,1981-10-19,Finnish
kozarowitzky,0,Mikko,Kozarowitzky,1948-05-17,Finnish
krause,0,Rudolf,Krause,1907-03-30,East German
kubica,88,Robert,Kubica,1984-12-07,Polish
kuhnke,0,Kurt,Kuhnke,1910-04-30,German
kvyat,26,Daniil,Kvyat,1994-04-26,Russian
la_caze,0,Robert,La Caze,1917-02-26,French
laffite,0,Jacques,Laffite,1943-11-21,French
lagorce,0,Franck,Lagorce,1968-09-01,French
lammers,0,Jan,Lammers,1956-06-02,Dutch
lamy,0,Pedro,Lamy,1972-03-20,Portuguese
landi,0,Chico,Landi,1907-07-14,Brazilian
lang,0,Hermann,Lang,1909-04-06,German
langes,0,Claudio,Langes,1960-07-20,Italian
larini,0,Nicola,Larini,1964-03-19,Italian
larrauri,0,Oscar,Larrauri,1954-08-19,Argentine
larreta,0,Alberto Rodriguez,Larreta,1934-01-14,Argentine
larrousse,0,Gérard,Larrousse,1940-05-23,French
larson,0,Jud,Larson,1923-01-21,American
latifi,6,Nicholas,Latifi,1995-06-29,Canadian
lauda,0,Niki,Lauda,1949-02-22,Austrian
laurent,0,Roger,Laurent,1913-02-21,Belgian
lavaggi,0,Giovanni,Lavaggi,1958-02-18,Italian
lawrence,0,Chris,Lawrence,1933-07-27,British
leclerc,16,Charles,Leclerc,1997-10-16,Monegasque
leclere,0,Michel,Leclère,1946-03-18,French
lederle,0,Neville,Lederle,1938-09-25,South African
lees,0,Geoff,Lees,1951-05-01,British
legat,0,Arthur,Legat,1898-11-01,Belgian
leoni,0,Lamberto,Leoni,1953-05-24,Italian
leston,0,Les,Leston,1920-12-16,British
levegh,0,Pierre,Levegh,1905-12-22,French
levrett,0,Bayliss,Levrett,1914-02-14,American
lewis,0,Jackie,Lewis,1936-11-01,British
lewis-evans,0,Stuart,Lewis-Evans,1930-04-20,British
ligier,0,Guy,Ligier,1930-07-12,French
linden,0,Andy,Linden,1922-04-05,American
lippi,0,Roberto,Lippi,1926-10-17,Italian
liuzzi,0,Vitantonio,Liuzzi,1980-08-06,Italian
lombardi,0,Lella,Lombardi,1941-03-26,Italian
londono,0,Ricardo,Londoño,1949-08-08,Colombian
loof,0,Ernst,Loof,1907-07-04,German
lotterer,45,André,Lotterer,1981-11-19,German
louveau,0,Henri,Louveau,1910-01-25,French
love,0,John,Love,1924-12-07,Rhodesian
lovely,0,Pete,Lovely,1926-04-11,American
loyer,0,Roger,Loyer,1907-08-05,French
lucas,0,Jean,Lucas,1917-04-25,French
lucienbonnet,0,Jean,Lucienbonnet,1923-01-07,French
lunger,0,Brett,Lunger,1945-11-14,American
hayje,0,Boy,Lunger,1949-05-03,Dutch
macdowel,0,Mike,MacDowel,1932-09-13,British
mackay-fraser,0,Herbert,MacKay-Fraser,1927-06-23,American
mackey,0,Bill,Mackey,1927-12-15,American
macklin,0,Lance,Macklin,1919-09-02,British
magee,0,Damien,Magee,1945-11-17,British
maggs,0,Tony,Maggs,1937-02-09,South African
magill,0,Mike,Magill,1920-02-08,American
maglioli,0,Umberto,Maglioli,1928-06-05,Italian
magnussen,0,Jan,Magnussen,1973-07-04,Danish
kevin_magnussen,20,Kevin,Magnussen,1992-10-05,Danish
mairesse,0,Willy,Mairesse,1928-10-01,Belgian
guy_mairesse,0,Guy,Mairesse,1910-08-10,French
maldonado,13,Pastor,Maldonado,1985-03-09,Venezuelan
mansell,0,Nigel,Mansell,1953-08-08,British
mantovani,0,Sergio,Mantovani,1929-05-22,Italian
mantz,0,Johnny,Mantz,1918-09-18,American
manzon,0,Robert,Manzon,1917-04-12,French
marimon,0,Onofre,Marimón,1923-12-19,Argentine
marko,0,Helmut,Marko,1943-04-27,Austrian
marques,0,Tarso,Marques,1976-01-19,Brazilian
marr,0,Leslie,Marr,1922-08-14,British
marsh,0,Tony,Marsh,1931-07-20,British
martin,0,Eugène,Martin,1915-03-24,French
martini,0,Pierluigi,Martini,1961-04-23,Italian
mass,0,Jochen,Mass,1946-09-30,German
massa,19,Felipe,Massa,1981-04-25,Brazilian
may,0,Michael,May,1934-08-18,Swiss
mayer,0,Timmy,Mayer,1938-02-22,American
mazepin,9,Nikita,Mazepin,1999-03-02,Russian
mazet,0,François,Mazet,1943-02-24,French
mazzacane,0,Gastón,Mazzacane,1975-05-08,Argentine
mcalpine,0,Kenneth,McAlpine,1920-09-21,British
mccarthy,0,Perry,McCarthy,1961-03-03,British
mccoy,0,Ernie,McCoy,1921-02-19,American
mcdowell,0,Johnny,McDowell,1915-01-29,American
mcgrath,0,Jack,McGrath,1919-10-08,American
mcguire,0,Brian,McGuire,1945-12-13,Australian
mclaren,0,Bruce,McLaren,1937-08-30,New Zealander
mcnish,0,Allan,McNish,1969-12-29,British
mcrae,0,Graham,McRae,1940-03-05,New Zealander
mcwithey,0,Jim,McWithey,1927-07-04,American
menditeguy,0,Carlos,Menditeguy,1914-08-10,Argentine
merhi,98,Roberto,Merhi,1991-03-22,Spanish
merzario,0,Arturo,Merzario,1943-03-11,Italian
mieres,0,Roberto,Mieres,1924-12-03,Argentine
migault,0,François,Migault,1944-12-04,French
miles,0,John,Miles,1943-06-14,British
ken_miles,0,Ken,Miles,1918-11-01,British
milhoux,0,André,Milhoux,1928-12-09,Belgian
miller,0,Chet,Miller,1902-07-19,American
mitter,0,Gerhard,Mitter,1935-08-30,German
modena,0,Stefano,Modena,1963-05-12,Italian
monarch,0,Thomas,Monarch,1945-09-03,American
montagny,0,Franck,Montagny,1978-01-05,French
monteiro,0,Tiago,Monteiro,1976-07-24,Portuguese
montermini,0,Andrea,Montermini,1964-05-30,Italian
monteverdi,0,Peter,Monteverdi,1934-06-07,Swiss
charrington,0,Robin,Montgomerie-Charrington,1915-06-23,British
morbidelli,0,Gianni,Morbidelli,1968-01-13,Italian
moreno,0,Roberto,Moreno,1959-02-11,Brazilian
morgan,0,Dave,Morgan,1944-08-07,British
moser,0,Silvio,Moser,1941-04-24,Swiss
moss,0,Stirling,Moss,1929-09-17,British
bill_moss,0,Bill,Moss,1933-09-04,British
munaron,0,Gino,Munaron,1928-04-02,Italian
murray,0,David,Murray,1909-12-28,British
musso,0,Luigi,Musso,1924-07-28,Italian
nakajima,0,Kazuki,Nakajima,1985-01-11,Japanese
satoru_nakajima,0,Satoru,Nakajima,1953-02-23,Japanese
nakano,0,Shinji,Nakano,1971-04-01,Japanese
nalon,0,Duke,Nalon,1913-03-02,American
nannini,0,Alessandro,Nannini,1959-07-07,Italian
naspetti,0,Emanuele,Naspetti,1968-02-24,Italian
nasr,12,Felipe,Nasr,1992-08-21,Brazilian
natili,0,Massimo,Natili,1935-07-28,Italian
naylor,0,Brian,Naylor,1923-03-24,British
nazaruk,0,Mike,Nazaruk,1921-10-02,American
needell,0,Tiff,Needell,1951-10-29,British
nelleman,0,Jac,Nelleman,1944-04-19,Danish
neve,0,Patrick,Nève,1949-10-13,Belgian
nicholson,0,John,Nicholson,1941-10-06,New Zealander
niday,0,Cal,Niday,1914-04-29,American
niedermayr,0,Helmut,Niedermayr,1915-11-29,German
niemann,0,Brausch,Niemann,1939-01-07,South African
nilsson,0,Gunnar,Nilsson,1948-11-20,Swedish
noda,0,Hideki,Noda,1969-03-07,Japanese
norris,4,Lando,Norris,1999-11-13,British
nuckey,0,Rodney,Nuckey,1929-06-26,British
obrien,0,Robert,O'Brien,1908-04-11,American
connor,0,Pat,O'Connor,1928-10-09,American
ocon,31,Esteban,Ocon,1996-09-17,French
oliver,0,Jackie,Oliver,1942-08-14,British
ongais,0,Danny,Ongais,1942-05-21,American
owen,0,Arthur,Owen,1915-03-23,British
montoya,0,Juan,Pablo Montoya,1975-09-20,Colombian
pace,0,Carlos,Pace,1944-10-06,Brazilian
pagani,0,Nello,Pagani,1911-10-11,Italian
paletti,0,Riccardo,Paletti,1958-06-15,Italian
palm,0,Torsten,Palm,1947-07-23,Swedish
palmer,0,Jonathan,Palmer,1956-11-07,British
jolyon_palmer,30,Jolyon,Palmer,1991-01-20,British
panis,0,Olivier,Panis,1966-09-02,French
pantano,0,Giorgio,Pantano,1979-02-04,Italian
papis,0,Massimiliano,Papis,1969-10-03,Italian
parkes,0,Mike,Parkes,1931-09-24,British
parnell,0,Tim,Parnell,1932-06-25,British
reg_parnell,0,Reg,Parnell,1911-07-02,British
parsons,0,Johnnie,Parsons,1918-07-04,American
patrese,0,Riccardo,Patrese,1954-04-17,Italian
pease,0,Al,Pease,1921-10-15,Canadian
penske,0,Roger,Penske,1937-02-20,American
perdisa,0,Cesare,Perdisa,1932-10-21,Italian
perez,11,Sergio,Pérez,1990-01-26,Mexican
sala,0,Luis,Pérez-Sala,1959-05-15,Spanish
perkins,0,Larry,Perkins,1950-03-18,Australian
pescarolo,0,Henri,Pescarolo,1942-09-25,French
pesenti_rossi,0,Alessandro,Pesenti-Rossi,1942-08-31,Italian
peters,0,Josef,Peters,1914-09-16,German
peterson,0,Ronnie,Peterson,1944-02-14,Swedish
petrov,0,Vitaly,Petrov,1984-09-08,Russian
pian,0,Alfredo,Pián,1912-10-21,Argentine
pic,0,Charles,Pic,1990-02-15,French
picard,0,François,Picard,1921-04-26,French
pieterse,0,Ernie,Pieterse,1938-07-04,South African
pietsch,0,Paul,Pietsch,1911-06-20,German
pilette,0,Teddy,Pilette,1942-07-26,Belgian
andre_pilette,0,André,Pilette,1918-10-06,Belgian
piotti,0,Luigi,Piotti,1913-10-27,Italian
piper,0,David,Piper,1930-12-02,British
piquet,0,Nelson,Piquet,1952-08-17,Brazilian
piquet_jr,0,Nelson,Piquet Jr.,1985-07-25,Brazilian
pirocchi,0,Renato,Pirocchi,1933-03-26,Italian
pironi,0,Didier,Pironi,1952-03-26,French
pirro,0,Emanuele,Pirro,1962-01-12,Italian
pizzonia,0,Antônio,Pizzonia,1980-09-11,Brazilian
pollet,0,Jacques,Pollet,1922-07-02,French
pon,0,Ben,Pon,1936-12-09,Dutch
poore,0,Dennis,Poore,1916-08-19,British
posey,0,Sam,Posey,1944-05-26,American
pozzi,0,Charles,Pozzi,1909-08-27,French
pretorius,0,Jackie,Pretorius,1934-11-22,South African
prinoth,0,Ernesto,Prinoth,1923-04-15,Italian
prophet,0,David,Prophet,1937-10-09,British
prost,0,Alain,Prost,1955-02-24,French
pryce,0,Tom,Pryce,1949-06-11,British
purley,0,David,Purley,1945-01-26,British
puzey,0,Clive,Puzey,1941-07-11,Rhodesian
quester,0,Dieter,Quester,1939-05-30,Austrian
raby,0,Ian,Raby,1921-09-22,British
rahal,0,Bobby,Rahal,1953-01-10,American
raikkonen,7,Kimi,Räikkönen,1979-10-17,Finnish
raphanel,0,Pierre-Henri,Raphanel,1961-05-27,French
rathmann,0,Jim,Rathmann,1928-07-16,American
dick_rathmann,0,Dick,Rathmann,1924-01-06,American
ratzenberger,0,Roland,Ratzenberger,1960-07-04,Austrian
rebaque,0,Hector,Rebaque,1956-02-05,Mexican
redman,0,Brian,Redman,1937-03-09,British
reece,0,Jimmy,Reece,1929-11-17,American
reed,0,Ray,Reed,1932-04-30,South African
rees,0,Alan,Rees,1938-01-12,British
regazzoni,0,Clay,Regazzoni,1939-09-05,Swiss
reutemann,0,Carlos,Reutemann,1942-04-12,Argentine
reventlow,0,Lance,Reventlow,1936-02-24,American
revson,0,Peter,Revson,1939-02-27,American
rhodes,0,John,Rhodes,1927-08-18,British
ribeiro,0,Alex,Ribeiro,1948-11-07,Brazilian
ricciardo,3,Daniel,Ricciardo,1989-07-01,Australian
richardson,0,Ken,Richardson,1911-08-21,British
riess,0,Fritz,Riess,1922-07-11,German
rigsby,0,Jim,Rigsby,1923-06-06,American
rindt,0,Jochen,Rindt,1942-04-18,Austrian
riseley_prichard,0,John,Riseley-Prichard,1924-01-17,British
robarts,0,Richard,Robarts,1944-09-22,British
rodriguez,0,Pedro,Rodríguez,1940-01-18,Mexican
ricardo_rodriguez,0,Ricardo,Rodríguez,1942-02-14,Mexican
rol,0,Franco,Rol,1908-06-05,Italian
rollinson,0,Alan,Rollinson,1943-05-15,British
rolt,0,Tony,Rolt,1918-10-16,British
roos,0,Bertil,Roos,1943-10-12,Swedish
rosberg,6,Nico,Rosberg,1985-06-27,German
keke_rosberg,0,Keke,Rosberg,1948-12-06,Finnish
rose,0,Mauri,Rose,1906-05-26,American
rosier,0,Louis,Rosier,1905-11-05,French
rosset,0,Ricardo,Rosset,1968-07-27,Brazilian
rossi,53,Alexander,Rossi,1991-09-25,American
rothengatter,0,Huub,Rothengatter,1954-10-08,Dutch
ruby,0,Lloyd,Ruby,1928-01-12,American
russell,63,George,Russell,1998-02-15,British
geki,0,Giacomo,Russo,1937-10-23,Italian
russo,0,Eddie,Russo,1925-11-19,American
paul_russo,0,Paul,Russo,1914-04-10,American
ruttman,0,Troy,Ruttman,1930-03-11,American
ryan,0,Peter,Ryan,1940-06-10,Canadian
sachs,0,Eddie,Sachs,1927-05-28,American
said,0,Bob,Said,1932-05-05,American
sainz,55,Carlos,Sainz,1994-09-01,Spanish
salazar,0,Eliseo,Salazar,1954-11-14,Chilean
salo,0,Mika,Salo,1966-11-30,Finnish
salvadori,0,Roy,Salvadori,1922-05-12,British
sanesi,0,Consalvo,Sanesi,1911-03-28,Italian
sarrazin,0,Stéphane,Sarrazin,1975-11-02,French
sato,0,Takuma,Sato,1977-01-28,Japanese
scarborough,0,Carl,Scarborough,1914-07-03,American
scarfiotti,0,Ludovico,Scarfiotti,1933-10-18,Italian
scarlatti,0,Giorgio,Scarlatti,1921-10-02,Italian
scheckter,0,Jody,Scheckter,1950-01-29,South African
ian_scheckter,0,Ian,Scheckter,1947-08-22,South African
schell,0,Harry,Schell,1921-06-29,American
schenken,0,Tim,Schenken,1943-09-26,Australian
scherrer,0,Albert,Scherrer,1908-02-28,Swiss
schiattarella,0,Domenico,Schiattarella,1967-11-17,Italian
schiller,0,Heinz,Schiller,1930-01-25,Swiss
schindler,0,Bill,Schindler,1909-03-06,American
schlesser,0,Jean-Louis,Schlesser,1948-09-12,French
jo_schlesser,0,Jo,Schlesser,1928-05-18,French
schneider,0,Bernd,Schneider,1964-07-20,German
schoeller,0,Rudolf,Schoeller,1902-04-27,Swiss
schroeder,0,Rob,Schroeder,1926-05-11,British
ralf_schumacher,0,Ralf,Schumacher,1975-06-30,German
michael_schumacher,0,Michael,Schumacher,1969-01-03,German
mick_schumacher,47,Mick,Schumacher,1999-03-22,German
schuppan,0,Vern,Schuppan,1943-03-19,Australian
bob_scott,0,Bob,Scott,1928-10-04,American
scott_brown,0,Archie,Scott Brown,1927-05-13,British
scotti,0,Piero,Scotti,1909-11-11,Italian
seidel,0,Wolfgang,Seidel,1926-07-04,German
seiffert,0,Günther,Seiffert,1937-10-18,German
senna,0,Ayrton,Senna,1960-03-21,Brazilian
bruno_senna,0,Bruno,Senna,1983-10-15,Brazilian
serafini,0,Dorino,Serafini,1909-07-22,Italian
serra,0,Chico,Serra,1957-02-03,Brazilian
serrurier,0,Doug,Serrurier,1920-12-09,South African
gavin,0,Johnny,Servoz-Gavin,1942-01-18,French
settember,0,Tony,Settember,1926-07-10,American
sharp,0,Hap,Sharp,1928-01-01,American
shawe_taylor,0,Brian,Shawe Taylor,1915-01-28,British
shelby,0,Carroll,Shelby,1923-01-11,American
shelly,0,Tony,Shelly,1937-02-02,New Zealander
siffert,0,Jo,Siffert,1936-07-07,Swiss
simon,0,André,Simon,1920-01-05,French
sirotkin,35,Sergey,Sirotkin,1995-08-27,Russian
slotemaker,0,Rob,Slotemaker,1929-06-13,Dutch
solana,0,Moisés,Solana,1935-12-26,Mexican
roig,0,Alex,Soler-Roig,1932-10-29,Spanish
sommer,0,Raymond,Sommer,1906-08-31,French
sospiri,0,Vincenzo,Sospiri,1966-10-07,Italian
south,0,Stephen,South,1952-02-19,British
sparken,0,Mike,Sparken,1930-06-16,French
speed,0,Scott,Speed,1983-01-24,American
spence,0,Mike,Spence,1936-12-30,British
stacey,0,Alan,Stacey,1933-08-29,British
starrabba,0,Gaetano,Starrabba,1932-12-03,Italian
stevens,28,Will,Stevens,1991-06-28,British
stevenson,0,Chuck,Stevenson,1919-10-15,American
stewart,0,Jackie,Stewart,1939-06-11,British
jimmy_stewart,0,Jimmy,Stewart,1931-03-06,British
ian_stewart,0,Ian,Stewart,1929-07-15,British
stohr,0,Siegfried,Stohr,1952-10-10,Italian
stommelen,0,Rolf,Stommelen,1943-07-11,German
streiff,0,Philippe,Streiff,1955-06-26,French
stroll,18,Lance,Stroll,1998-10-29,Canadian
stuck,0,Hans-Joachim,Stuck,1951-01-01,German
stuppacher,0,Otto,Stuppacher,1947-03-03,Austrian
sullivan,0,Danny,Sullivan,1950-03-09,American
surer,0,Marc,Surer,1951-09-18,Swiss
surtees,0,John,Surtees,1934-02-11,British
sutcliffe,0,Andy,Sutcliffe,1947-05-09,British
sutil,99,Adrian,Sutil,1983-01-11,German
sutton,0,Len,Sutton,1925-08-09,American
suzuki,0,Aguri,Suzuki,1960-09-08,Japanese
toshio_suzuki,0,Toshio,Suzuki,1955-03-10,Japanese
swaters,0,Jacques,Swaters,1926-10-30,American
sweikert,0,Bob,Sweikert,1926-05-20,American
takagi,0,Toranosuke,Takagi,1974-02-12,Japanese
takahara,0,Noritake,Takahara,1951-06-06,Japanese
takahashi,0,Kunimitsu,Takahashi,1940-01-29,Japanese
tambay,0,Patrick,Tambay,1949-06-25,French
taramazzo,0,Luigi,Taramazzo,1932-05-05,Italian
tarquini,0,Gabriele,Tarquini,1962-03-02,Italian
taruffi,0,Piero,Taruffi,1906-10-12,Italian
taylor,0,John,Taylor,1933-03-23,British
trevor_taylor,0,Trevor,Taylor,1936-12-26,British
henry_taylor,0,Henry,Taylor,1932-12-16,British
mike_taylor,0,Mike,Taylor,1934-04-24,British
dennis_taylor,0,Dennis,Taylor,1921-06-12,British
teague,0,Marshall,Teague,1921-02-22,American
templeman,0,Shorty,Templeman,1919-08-12,American
testut,0,André,Testut,1926-04-13,Monegasque
thackwell,0,Mike,Thackwell,1961-03-30,New Zealander
thiele,0,Alfonso,Thiele,1920-04-05,American-Italian
thompson,0,Eric,Thompson,1919-11-04,British
thomson,0,Johnny,Thomson,1922-04-09,American
thorne,0,Leslie,Thorne,1916-06-23,British
tingelstad,0,Bud,Tingelstad,1928-04-04,American
tingle,0,Sam,Tingle,1921-08-24,Rhodesian
titterington,0,Desmond,Titterington,1928-05-01,British
tolan,0,Johnnie,Tolan,1917-10-22,American
trimmer,0,Tony,Trimmer,1943-01-24,British
trintignant,0,Maurice,Trintignant,1917-10-30,French
trulli,0,Jarno,Trulli,1974-07-13,Italian
tsunoda,22,Yuki,Tsunoda,2000-05-11,Japanese
tuero,0,Esteban,Tuero,1978-04-22,Argentine
tunmer,0,Guy,Tunmer,1948-12-01,South African
turner,0,Jack,Turner,1920-02-12,American
ulmen,0,Toni,Ulmen,1906-01-25,German
unser,0,Bobby,Unser,1934-02-20,American
jerry_unser,0,Jerry,Unser,1932-11-15,American
uria,0,Alberto,Uria,1924-07-11,Uruguayan
vaccarella,0,Nino,Vaccarella,1933-03-04,Italian
poele,0,Eric,van de Poele,1961-09-30,Belgian
garde,0,Giedo,van der Garde,1985-04-25,Dutch
lof,0,Dries,van der Lof,1919-08-23,Dutch
vyver,0,Syd,van der Vyver,1920-06-01,South African
lennep,0,Gijs,van Lennep,1942-03-16,Dutch
rooyen,0,Basil,van Rooyen,1939-04-19,South African
vandoorne,2,Stoffel,Vandoorne,1992-03-26,Belgian
veith,0,Bob,Veith,1926-11-01,American
vergne,25,Jean-Éric,Vergne,1990-04-25,French
verstappen,0,Jos,Verstappen,1972-03-04,Dutch
max_verstappen,33,Max,Verstappen,1997-09-30,Dutch
vettel,5,Sebastian,Vettel,1987-07-03,German
villeneuve,0,Jacques,Villeneuve,1971-04-09,Canadian
gilles_villeneuve,0,Gilles,Villeneuve,1950-01-18,Canadian
villeneuve_sr,0,Jacques,Villeneuve Sr.,1953-11-04,Canadian
villoresi,0,Luigi,Villoresi,1909-05-16,Italian
volonterio,0,Ottorino,Volonterio,1917-12-07,Swiss
opel,0,Rikky,von Opel,1947-10-14,Liechtensteiner
hans_stuck,0,Hans,von Stuck,1900-12-27,German
trips,0,Wolfgang,von Trips,1928-05-04,German
vonlanthen,0,Jo,Vonlanthen,1942-05-31,Swiss
vukovich,0,Bill,Vukovich,1918-12-13,American
wacker,0,Fred,Wacker,1918-07-10,American
walker,0,David,Walker,1941-06-10,Australian
peter_walker,0,Peter,Walker,1912-10-07,British
wallard,0,Lee,Wallard,1910-09-07,American
walter,0,Heini,Walter,1927-07-28,Swiss
ward,0,Rodger,Ward,1921-01-10,American
warwick,0,Derek,Warwick,1954-08-27,British
watson,0,John,Watson,1946-05-04,British
webb,0,Travis,Webb,1910-10-08,American
webber,0,Mark,Webber,1976-08-27,Australian
wehrlein,94,Pascal,Wehrlein,1994-10-18,German
weidler,0,Volker,Weidler,1962-03-18,German
weiler,0,Wayne,Weiler,1934-12-09,American
wendlinger,0,Karl,Wendlinger,1968-12-20,Austrian
westbury,0,Peter,Westbury,1938-05-26,British
weyant,0,Chuck,Weyant,1923-04-03,American
wharton,0,Ken,Wharton,1916-03-21,British
whiteaway,0,Ted,Whiteaway,1928-11-01,British
whitehead,0,Peter,Whitehead,1914-11-12,British
graham_whitehead,0,Graham,Whitehead,1922-04-15,British
whitehouse,0,Bill,Whitehouse,1909-04-01,British
widdows,0,Robin,Widdows,1942-05-27,British
wietzes,0,Eppie,Wietzes,1938-05-28,Canadian
wilds,0,Mike,Wilds,1946-01-07,British
williams,0,Jonathan,Williams,1942-10-26,British
williamson,0,Roger,Williamson,1948-02-02,British
wilson,0,Justin,Wilson,1978-07-31,British
desire_wilson,0,Desiré,Wilson,1953-11-26,South African
vic_wilson,0,Vic,Wilson,1931-04-14,British
dempsey_wilson,0,Dempsey,Wilson,1927-03-11,American
markus_winkelhock,0,Markus,Winkelhock,1980-06-13,German
joachim_winkelhock,0,Joachim,Winkelhock,1960-10-24,German
manfred_winkelhock,0,Manfred,Winkelhock,1951-10-06,German
wisell,0,Reine,Wisell,1941-09-30,Swedish
wunderink,0,Roelof,Wunderink,1948-12-12,Dutch
wurz,0,Alexander,Wurz,1974-02-15,Austrian
yamamoto,0,Sakon,Yamamoto,1982-07-09,Japanese
yoong,0,Alex,Yoong,1976-07-20,Malaysian
zanardi,0,Alessandro,Zanardi,1966-10-23,Italian
zapico,0,Emilio,Zapico,1944-05-27,Spanish
zhou,24,Guanyu,Zhou,1999-05-30,Chinese
zonta,0,Ricardo,Zonta,1976-03-23,Brazilian
zorzi,0,Renzo,Zorzi,1946-12-12,Italian
zunino,0,Ricardo,Zunino,1949-04-13,Argentine
